Metric,Media,AOI,Java Avg, Python Avg, Java Median, Python Median, U-statistic,p-value, cliff_delta
Average_duration_of_fixations,java1,FunctionHeader,217.39354838709679, 202.91474654377882, 209.90322580645162, 214.9516129032258, 112.0,0.38825956354338076, 0.06666666666666667
Average_duration_of_fixations,java1,Loop,207.96666666666667, 212.71428571428572, 217.0, 213.5, 100.0,0.594850251964852, -0.047619047619047616
Average_duration_of_fixations,java1,ReturnValue,234.78809523809522, 216.63010204081633, 220.60714285714286, 220.60714285714286, 110.0,0.42179749572117337, 0.047619047619047616
Average_duration_of_fixations,java1,VarDeclaration,218.75151515151512, 208.92857142857142, 221.0, 200.5, 118.5,0.2851851198007482, 0.12857142857142856
Average_duration_of_fixations,java1,VarUpdate,224.13333333333333, 245.56493506493507, 236.0, 213.45454545454544, 108.5,0.44790229046209595, 0.03333333333333333
Average_duration_of_fixations,java2,BugIsHere,224.33333333333334, 218.0974025974026, 226.0, 218.6818181818182, 118.0,0.29262013835439504, 0.12380952380952381
Average_duration_of_fixations,java2,ForLoop,219.93333333333334, 213.0, 224.0, 216.0, 124.0,0.2096589646082639, 0.18095238095238095
Average_duration_of_fixations,java2,FunctionHeader,220.13333333333333, 238.61688311688312, 216.0, 237.0, 75.5,0.9048394742910969, -0.28095238095238095
Average_duration_of_fixations,java2,VarDeclaration,209.13333333333333, 221.0151515151515, 211.0, 218.10606060606062, 87.5,0.7840295821953029, -0.16666666666666666
Average_duration_of_fixations,py1sem,BugIsHere,217.86458333333334, 186.21205357142858, 211.0, 200.484375, 136.5,0.0880090367421224, 0.3
Average_duration_of_fixations,py1sem,BuggyCall,219.57575757575756, 198.5, 209.63636363636363, 210.5, 132.0,0.12366891107877154, 0.2571428571428571
Average_duration_of_fixations,py1sem,CastingCall,211.28686868686867, 195.92857142857142, 215.0, 205.0, 125.5,0.19124928216216608, 0.19523809523809524
Average_duration_of_fixations,py1sem,CastingFunction,214.05416666666667, 203.55803571428572, 212.0, 214.5, 109.0,0.43926702661886247, 0.0380952380952381
Average_duration_of_fixations,py1sem,MainHeader,219.26666666666668, 258.3333333333333, 232.44444444444446, 233.22222222222223, 58.0,0.9872177665451133, -0.44761904761904764
Average_duration_of_fixations,py1sem,PrintStatement,212.90208333333334, 203.89508928571428, 212.0, 209.265625, 119.0,0.2777944411499891, 0.13333333333333333
Average_duration_of_fixations,py1sem,VarDeclaration,218.82626262626263, 216.78571428571428, 218.0, 222.5, 87.5,0.7840579602242526, -0.16666666666666666
Average_duration_of_fixations,py1syn,BugIsHere,281.13580246913574, 285.037037037037, 278.25925925925924, 272.1296296296296, 115.5,0.3305540870590993, 0.1
Average_duration_of_fixations,py1syn,FirstIfStatement,209.17083333333332, 216.5, 218.78125, 229.5, 78.0,0.8851123966915537, -0.2571428571428571
Average_duration_of_fixations,py1syn,FunctionCall,200.42916666666667, 215.88839285714286, 207.0, 220.21875, 74.0,0.9155040793264393, -0.29523809523809524
Average_duration_of_fixations,py1syn,FunctionHeader,210.12666666666667, 220.11666666666665, 218.0, 217.81666666666666, 97.5,0.6366728158415556, -0.07142857142857142
Average_duration_of_fixations,py1syn,MainHeader,207.64761904761906, 228.50680272108843, 224.61904761904762, 224.61904761904762, 85.5,0.8153124082709007, -0.18571428571428572
Average_duration_of_fixations,py1syn,PrintStatement,208.89166666666668, 186.5, 201.6875, 198.0, 129.0,0.1524450332857638, 0.22857142857142856
Average_duration_of_fixations,py1syn,Return,192.32000000000002, 184.75714285714284, 194.0, 193.3, 112.0,0.38815211274227385, 0.06666666666666667
Average_duration_of_fixations,py1syn,SecondIfStatement,210.44666666666666, 208.85, 213.9, 212.95, 96.0,0.6609937611195776, -0.08571428571428572
Average_duration_of_fixations,py1syn,ThirdIfStatement,200.1425287356322, 208.83990147783248, 208.3793103448276, 217.5, 83.0,0.8375725071178448, -0.20952380952380953
Average_duration_of_fixations,py1syn,VarDeclaration,221.7511111111111, 225.0190476190476, 220.13333333333333, 217.56666666666666, 106.5,0.4825641886681308, 0.014285714285714285
Average_duration_of_fixations,py2sem,BugIsHere,225.33333333333334, 212.12770562770564, 230.0, 212.5, 116.5,0.3155434294246051, 0.10952380952380952
Average_duration_of_fixations,py2sem,BugIsHere2,212.73333333333332, 224.9004329004329, 224.0, 211.0, 101.5,0.5693013815702371, -0.03333333333333333
Average_duration_of_fixations,py2sem,FirstPrint,216.73333333333332, 189.85714285714286, 210.0, 190.5, 148.5,0.03017049395069201, 0.4142857142857143
Average_duration_of_fixations,py2sem,Increment,268.6, 236.57359307359306, 265.0, 255.0151515151515, 125.5,0.19130792946799574, 0.19523809523809524
Average_duration_of_fixations,py2sem,MainHeader,192.06666666666666, 227.21428571428572, 206.0, 212.0, 72.0,0.9302189162851797, -0.3142857142857143
Average_duration_of_fixations,py2sem,SecondPrint,209.06666666666666, 196.31385281385283, 214.0, 198.0, 126.5,0.1795799773930768, 0.20476190476190476
Average_duration_of_fixations,py2sem,VarDeclaration,243.6, 224.06277056277057, 244.0, 229.93939393939394, 119.5,0.27049675395492023, 0.1380952380952381
Average_duration_of_fixations,py2syn,BugIsHere,209.2, 231.5, 212.0, 240.0, 66.0,0.9576581431896091, -0.37142857142857144
Average_duration_of_fixations,py2syn,FirstIfStatement,215.33333333333334, 219.07142857142858, 208.0, 218.0, 88.5,0.7709660915136558, -0.15714285714285714
Average_duration_of_fixations,py2syn,ForLoop,221.33333333333334, 229.32900432900433, 220.0, 227.5, 96.5,0.6527992612847675, -0.08095238095238096
Average_duration_of_fixations,py2syn,MainHeader,226.82380952380953, 228.53061224489792, 235.0, 236.35714285714286, 99.5,0.6035479389596, -0.05238095238095238
Average_duration_of_fixations,py2syn,ThirdIfStatement,195.4, 210.21428571428572, 207.0, 219.5, 84.5,0.8203608028447402, -0.19523809523809524
Average_duration_of_fixations,py2syn,VarDeclaration,210.06666666666666, 227.482683982684, 219.0, 219.37878787878788, 89.5,0.7575312293765317, -0.14761904761904762
Average_duration_of_fixations,pycomp1,ForLoop,244.8, 238.6818181818182, 246.0, 245.27272727272725, 108.0,0.45655271025689925, 0.02857142857142857
Average_duration_of_fixations,pycomp1,FuncCall,211.2, 203.6147186147186, 199.0, 208.3030303030303, 108.5,0.4478831323361087, 0.03333333333333333
Average_duration_of_fixations,pycomp1,FuncHeader,204.62962962962962, 238.38888888888889, 219.4814814814815, 221.74074074074076, 76.5,0.8981631974610566, -0.2714285714285714
Average_duration_of_fixations,pycomp1,FuncReturn,210.0, 212.14285714285714, 200.0, 185.5, 117.0,0.30778150765845236, 0.11428571428571428
Average_duration_of_fixations,pycomp1,InputList,215.26666666666668, 197.92857142857142, 220.0, 202.5, 128.0,0.16293550776470206, 0.21904761904761905
Average_duration_of_fixations,pycomp1,MainHeader,231.73333333333332, 202.5, 231.0, 207.0, 144.0,0.046411400071834516, 0.37142857142857144
Average_duration_of_fixations,pycomp1,PrintStatement,204.3125, 184.19196428571428, 197.0, 181.0, 140.5,0.0631983531754897, 0.3380952380952381
Average_duration_of_fixations,pycomp1,VarDeclaration,222.13333333333333, 237.17099567099567, 216.0, 234.6969696969697, 88.0,0.777495640626632, -0.1619047619047619
Average_duration_of_fixations,pycomp2,ForLoop,218.33333333333334, 199.07142857142858, 228.0, 207.0, 133.0,0.11497374727308468, 0.26666666666666666
Average_duration_of_fixations,pycomp2,FuncHeader,208.6060606060606, 207.4935064935065, 203.8181818181818, 203.8181818181818, 111.5,0.3938384946158527, 0.06190476190476191
Average_duration_of_fixations,pycomp2,JoinSentence,226.14838709677417, 207.74654377880185, 220.2258064516129, 202.0, 120.5,0.25592896696805056, 0.14761904761904762
Average_duration_of_fixations,pycomp2,Return,223.71555555555557, 178.76666666666668, 203.36666666666667, 186.5, 151.0,0.023379403909567734, 0.4380952380952381
Average_duration_of_fixations,pycomp2,SentenceSplit,223.2, 202.978354978355, 227.0, 215.84848484848484, 121.0,0.24934296827329272, 0.1523809523809524
Average_duration_of_fixations,pycomp2,VarDeclaration,225.6, 225.84199134199136, 224.0, 227.39393939393938, 99.5,0.6033107491071111, -0.05238095238095238
Average_pupil_diameter,java1,FunctionHeader,4.011259290322581, 4.028200622119816, 4.02291, 4.12969935483871, 100.0,0.5948961189433432, -0.047619047619047616
Average_pupil_diameter,java1,Loop,4.189402333333334, 4.286249285714286, 4.19135, 4.465655, 92.0,0.7221325187788425, -0.12380952380952381
Average_pupil_diameter,java1,ReturnValue,4.251616547619047, 4.328241301020408, 4.32018, 4.321938035714286, 101.5,0.569590493020458, -0.03333333333333333
Average_pupil_diameter,java1,VarDeclaration,4.118391919191919, 4.120517857142858, 4.14104, 4.298405, 98.0,0.6282896511523738, -0.06666666666666667
Average_pupil_diameter,java1,VarUpdate,4.238389333333333, 4.326055151515152, 4.32312, 4.389670000000001, 96.0,0.6607877479755837, -0.08571428571428572
Average_pupil_diameter,java2,BugIsHere,4.115168000000001, 4.259762316017317, 4.15412, 4.324896212121212, 93.0,0.7073105357695193, -0.11428571428571428
Average_pupil_diameter,java2,ForLoop,4.084777999999999, 4.228816428571428, 4.10202, 4.29125, 93.0,0.7073105357695193, -0.11428571428571428
Average_pupil_diameter,java2,FunctionHeader,3.965008, 4.1283810822510825, 3.98913, 4.150487575757576, 92.0,0.7221325187788425, -0.12380952380952381
Average_pupil_diameter,java2,VarDeclaration,4.008455333333333, 4.1593811471861475, 3.99188, 4.175768030303031, 95.0,0.6766162979972659, -0.09523809523809523
Average_pupil_diameter,py1sem,BugIsHere,4.000873833333333, 4.125422678571429, 4.13267, 4.194648750000001, 89.5,0.7575312293765317, -0.14761904761904762
Average_pupil_diameter,py1sem,BuggyCall,3.9903814545454552, 4.149521428571429, 4.05925, 4.328655, 90.0,0.7506305891748435, -0.14285714285714285
Average_pupil_diameter,py1sem,CastingCall,3.9579296767676766, 4.136842857142858, 3.9849, 4.280984999999999, 88.0,0.777495640626632, -0.1619047619047619
Average_pupil_diameter,py1sem,CastingFunction,3.9837427083333337, 4.090834330357143, 4.08908, 4.2077553125, 91.5,0.7294284623864702, -0.12857142857142856
Average_pupil_diameter,py1sem,MainHeader,4.145630000000001, 4.166228333333334, 4.188151111111111, 4.188151111111111, 96.0,0.672401057953167, -0.08571428571428572
Average_pupil_diameter,py1sem,PrintStatement,3.978176041666666, 4.114850758928572, 3.99154, 4.1737803125, 92.5,0.7147911374011475, -0.11904761904761904
Average_pupil_diameter,py1sem,VarDeclaration,3.919587373737374, 4.131432857142857, 3.86569, 4.323285, 88.0,0.777495640626632, -0.1619047619047619
Average_pupil_diameter,py1syn,BugIsHere,4.202552790123456, 4.435111137566138, 4.347222962962963, 4.347222962962963, 84.0,0.8270080582653834, -0.2
Average_pupil_diameter,py1syn,FirstIfStatement,4.118701291666666, 4.23142, 4.2448596875, 4.34815, 90.0,0.7506570317267073, -0.14285714285714285
Average_pupil_diameter,py1syn,FunctionCall,3.9925940208333324, 4.31165359375, 4.04757, 4.338265156249999, 71.5,0.9311040859066706, -0.319047619047619
Average_pupil_diameter,py1syn,FunctionHeader,4.017367466666666, 4.297327190476191, 4.19244, 4.197105333333333, 85.5,0.8089268540262691, -0.18571428571428572
Average_pupil_diameter,py1syn,MainHeader,3.9436245714285714, 4.155836700680272, 4.089504761904762, 4.089504761904762, 89.0,0.7704895869738361, -0.1523809523809524
Average_pupil_diameter,py1syn,PrintStatement,4.064465625, 4.201897857142858, 4.1975721875000005, 4.32197, 92.0,0.7221568575131712, -0.12380952380952381
Average_pupil_diameter,py1syn,Return,4.1347559333333335, 4.285862833333333, 4.26289, 4.291979833333333, 90.5,0.7439146303483392, -0.1380952380952381
Average_pupil_diameter,py1syn,SecondIfStatement,4.107425066666667, 4.351257047619048, 4.285088666666667, 4.391735, 78.5,0.8809661811392026, -0.2523809523809524
Average_pupil_diameter,py1syn,ThirdIfStatement,4.150134114942529, 4.443438177339902, 4.34095, 4.366653620689656, 76.0,0.9015906676759385, -0.2761904761904762
Average_pupil_diameter,py1syn,VarDeclaration,4.007760088888889, 4.323610095238096, 4.13379, 4.359227833333334, 77.0,0.8935033311203189, -0.26666666666666666
Average_pupil_diameter,py2sem,BugIsHere,4.011831333333333, 4.317355952380953, 4.1219, 4.262661666666666, 76.0,0.9010374489444215, -0.2761904761904762
Average_pupil_diameter,py2sem,BugIsHere2,3.961566666666667, 4.330349935064935, 3.92581, 4.284404545454546, 71.0,0.9339283400864182, -0.3238095238095238
Average_pupil_diameter,py2sem,FirstPrint,3.970337333333333, 4.2205007142857145, 4.03528, 4.2176, 82.0,0.8474655946885568, -0.21904761904761905
Average_pupil_diameter,py2sem,Increment,4.033072666666667, 4.3621290692640695, 4.02674, 4.33992, 74.0,0.9153990391703992, -0.29523809523809524
Average_pupil_diameter,py2sem,MainHeader,3.9164476296296296, 4.1033056613756616, 4.094664814814815, 4.094664814814815, 96.0,0.6618448527071701, -0.08571428571428572
Average_pupil_diameter,py2sem,SecondPrint,3.9938979999999997, 4.368528809523808, 4.03208, 4.268166666666667, 68.0,0.9491465349844533, -0.3523809523809524
Average_pupil_diameter,py2sem,VarDeclaration,3.962219333333333, 4.269203008658009, 4.00821, 4.252816060606061, 71.0,0.9339283400864182, -0.3238095238095238
Average_pupil_diameter,py2syn,BugIsHere,4.107304, 4.271334285714286, 4.16388, 4.448635, 86.0,0.8026291473934963, -0.18095238095238095
Average_pupil_diameter,py2syn,FirstIfStatement,4.107765333333333, 4.286176428571428, 4.17539, 4.415455, 88.0,0.777495640626632, -0.1619047619047619
Average_pupil_diameter,py2syn,ForLoop,4.063753333333333, 4.392756774891774, 3.91621, 4.44974, 76.0,0.9010374489444215, -0.2761904761904762
Average_pupil_diameter,py2syn,MainHeader,3.9003287619047615, 4.13477112244898, 3.8948, 4.100171428571429, 82.0,0.8480626260711089, -0.21904761904761905
Average_pupil_diameter,py2syn,ThirdIfStatement,4.145097333333334, 4.259461428571429, 4.2441, 4.39243, 88.0,0.777495640626632, -0.1619047619047619
Average_pupil_diameter,py2syn,VarDeclaration,4.012363333333333, 4.34597948051948, 3.85239, 4.426254999999999, 75.0,0.9084267373357343, -0.2857142857142857
Average_pupil_diameter,pycomp1,ForLoop,4.066628, 4.362582402597403, 4.08413, 4.383811818181818, 78.0,0.8849688509868017, -0.2571428571428571
Average_pupil_diameter,pycomp1,FuncCall,4.104835333333333, 4.424886341991342, 4.16429, 4.429234393939394, 79.0,0.8762728546176122, -0.24761904761904763
Average_pupil_diameter,pycomp1,FuncHeader,3.8701874814814814, 4.114308015873016, 4.069437407407407, 4.069437407407407, 78.5,0.8816922773100488, -0.2523809523809524
Average_pupil_diameter,pycomp1,FuncReturn,4.122631333333333, 4.29749, 4.14234, 4.323805, 88.0,0.777495640626632, -0.1619047619047619
Average_pupil_diameter,pycomp1,InputList,4.093898, 4.338822857142857, 4.13039, 4.43053, 85.0,0.8145244827334517, -0.19047619047619047
Average_pupil_diameter,pycomp1,MainHeader,4.098532666666666, 4.367689017857143, 4.22026, 4.2757615625, 85.0,0.8145539449810104, -0.19047619047619047
Average_pupil_diameter,pycomp1,PrintStatement,4.15009675, 4.437895089285714, 4.2719, 4.438710625000001, 80.5,0.8624128013480747, -0.23333333333333334
Average_pupil_diameter,pycomp1,VarDeclaration,3.986408666666667, 4.2317357359307355, 3.87388, 4.247840151515152, 81.0,0.8575254611576726, -0.22857142857142856
Average_pupil_diameter,pycomp2,ForLoop,4.110381333333334, 4.236963571428572, 4.27073, 4.360225, 93.0,0.7073105357695193, -0.11428571428571428
Average_pupil_diameter,pycomp2,FuncHeader,4.083288060606061, 4.143323506493507, 4.179598181818182, 4.179598181818182, 102.0,0.5624040984660249, -0.02857142857142857
Average_pupil_diameter,pycomp2,JoinSentence,4.115109311827957, 4.261119953917051, 4.286559677419355, 4.322979838709678, 89.0,0.7643834106817446, -0.1523809523809524
Average_pupil_diameter,pycomp2,Return,4.155972311111111, 4.40540819047619, 4.356692333333332, 4.376786166666666, 88.0,0.7777763714146047, -0.1619047619047619
Average_pupil_diameter,pycomp2,SentenceSplit,4.015965333333333, 4.238959956709957, 3.95663, 4.2692696969696975, 84.0,0.8259643560649289, -0.2
Average_pupil_diameter,pycomp2,VarDeclaration,4.035943333333333, 4.308215584415584, 4.08658, 4.396750000000001, 79.0,0.8762728546176122, -0.24761904761904763
Duration_of_first_fixation,java1,FunctionHeader,222.0021505376344, 216.9331797235023, 200.0, 198.0, 104.0,0.5261111072926928, -0.009523809523809525
Duration_of_first_fixation,java1,Loop,182.4, 180.21428571428572, 160.0, 160.5, 110.5,0.41359824922548927, 0.05238095238095238
Duration_of_first_fixation,java1,ReturnValue,221.47142857142856, 177.57653061224488, 195.35714285714286, 189.17857142857144, 134.0,0.10570383093820407, 0.2761904761904762
Duration_of_first_fixation,java1,VarDeclaration,178.64646464646466, 147.21428571428572, 172.6969696969697, 141.5, 141.5,0.05802678570757802, 0.3476190476190476
Duration_of_first_fixation,java1,VarUpdate,220.13333333333333, 217.09307359307357, 203.0, 180.0, 114.5,0.34718285759201006, 0.09047619047619047
Duration_of_first_fixation,java2,BugIsHere,206.76666666666668, 218.0162337662338, 202.0, 219.0, 94.0,0.6921749669285637, -0.10476190476190476
Duration_of_first_fixation,java2,ForLoop,181.4, 168.5, 170.0, 165.5, 113.5,0.36344042227870527, 0.08095238095238096
Duration_of_first_fixation,java2,FunctionHeader,216.8, 213.4047619047619, 218.0, 209.33333333333331, 102.0,0.5607255460442576, -0.02857142857142857
Duration_of_first_fixation,java2,VarDeclaration,173.33333333333334, 203.41125541125544, 173.0, 150.0, 99.5,0.6032983105282407, -0.05238095238095238
Duration_of_first_fixation,py1sem,BugIsHere,194.775, 130.47321428571428, 185.0, 134.0, 154.0,0.017086765908788697, 0.4666666666666667
Duration_of_first_fixation,py1sem,BuggyCall,206.7858585858586, 196.57142857142858, 192.0, 183.0, 108.0,0.4565473785154526, 0.02857142857142857
Duration_of_first_fixation,py1sem,CastingCall,218.55151515151513, 207.71428571428572, 223.27272727272728, 171.5, 128.0,0.16299513183557734, 0.21904761904761905
Duration_of_first_fixation,py1sem,CastingFunction,227.10416666666666, 171.25446428571428, 197.0, 193.0, 126.5,0.1796095912142071, 0.20476190476190476
Duration_of_first_fixation,py1sem,MainHeader,246.36666666666667, 234.0952380952381, 234.05555555555554, 234.05555555555554, 113.0,0.36217821317235954, 0.0761904761904762
Duration_of_first_fixation,py1sem,PrintStatement,166.15833333333333, 190.02678571428572, 160.0, 171.0, 94.5,0.6844565705753949, -0.1
Duration_of_first_fixation,py1sem,VarDeclaration,180.96565656565656, 142.78571428571428, 164.4848484848485, 160.0, 126.0,0.1854460550189896, 0.2
Duration_of_first_fixation,py1syn,BugIsHere,324.93333333333334, 312.14285714285717, 298.0, 272.5, 112.0,0.38784145698255745, 0.06666666666666667
Duration_of_first_fixation,py1syn,FirstIfStatement,186.82083333333333, 237.35714285714286, 188.0, 229.0, 82.5,0.8423524707045961, -0.21428571428571427
Duration_of_first_fixation,py1syn,FunctionCall,197.31041666666667, 147.26116071428572, 158.0, 162.5, 130.0,0.14232615482840122, 0.23809523809523808
Duration_of_first_fixation,py1syn,FunctionHeader,201.62666666666667, 241.8190476190476, 197.0, 257.5, 77.0,0.8935598308177037, -0.26666666666666666
Duration_of_first_fixation,py1syn,MainHeader,217.33333333333337, 214.76190476190476, 216.33333333333334, 216.33333333333334, 109.0,0.43759590153397504, 0.0380952380952381
Duration_of_first_fixation,py1syn,PrintStatement,176.84166666666667, 176.28571428571428, 177.0, 179.5, 101.5,0.569360609955436, -0.03333333333333333
Duration_of_first_fixation,py1syn,Return,192.6, 186.64285714285714, 185.0, 178.0, 120.0,0.2631412784546875, 0.14285714285714285
Duration_of_first_fixation,py1syn,SecondIfStatement,202.12, 201.18571428571428, 190.6, 184.3, 105.5,0.5, 0.004761904761904762
Duration_of_first_fixation,py1syn,ThirdIfStatement,198.38620689655173, 167.49014778325122, 197.0, 170.0, 131.0,0.13219458128780087, 0.24761904761904763
Duration_of_first_fixation,py1syn,VarDeclaration,211.4, 167.42857142857142, 190.0, 170.5, 142.5,0.052679980224956784, 0.35714285714285715
Duration_of_first_fixation,py2sem,BugIsHere,192.06666666666666, 204.5995670995671, 167.0, 165.0, 103.5,0.5347954698380878, -0.014285714285714285
Duration_of_first_fixation,py2sem,BugIsHere2,166.8, 197.77489177489178, 157.0, 176.42424242424244, 94.5,0.6844776078863336, -0.1
Duration_of_first_fixation,py2sem,FirstPrint,237.6, 212.5, 185.0, 221.0, 106.0,0.49129291207185144, 0.009523809523809525
Duration_of_first_fixation,py2sem,Increment,256.06666666666666, 316.1753246753247, 193.0, 257.0, 92.0,0.7221325187788425, -0.12380952380952381
Duration_of_first_fixation,py2sem,MainHeader,173.63703703703703, 244.4814814814815, 180.0, 215.5925925925926, 57.0,0.9834854979698684, -0.45714285714285713
Duration_of_first_fixation,py2sem,SecondPrint,194.93333333333334, 169.17099567099567, 198.0, 152.5, 151.0,0.023515140738758107, 0.4380952380952381
Duration_of_first_fixation,py2sem,VarDeclaration,178.13333333333333, 149.83982683982686, 164.0, 157.0, 128.0,0.16299513183557734, 0.21904761904761905
Duration_of_first_fixation,py2syn,BugIsHere,292.6, 228.71428571428572, 255.0, 190.0, 129.0,0.15253440531144324, 0.22857142857142856
Duration_of_first_fixation,py2syn,FirstIfStatement,198.6, 219.57142857142858, 173.0, 204.0, 101.5,0.5693098334797454, -0.03333333333333333
Duration_of_first_fixation,py2syn,ForLoop,193.2, 196.5064935064935, 178.0, 167.5, 113.0,0.37167985202281806, 0.0761904761904762
Duration_of_first_fixation,py2syn,MainHeader,253.94761904761904, 229.77551020408166, 237.0, 240.21428571428572, 123.0,0.22188564469587851, 0.17142857142857143
Duration_of_first_fixation,py2syn,ThirdIfStatement,179.73333333333332, 221.42857142857142, 153.0, 184.5, 85.0,0.8146128934285015, -0.19047619047619047
Duration_of_first_fixation,py2syn,VarDeclaration,158.26666666666668, 240.8852813852814, 167.0, 177.0, 73.5,0.9190429702514448, -0.3
Duration_of_first_fixation,pycomp1,ForLoop,212.0, 228.4978354978355, 197.0, 212.4848484848485, 102.5,0.552097709537904, -0.023809523809523808
Duration_of_first_fixation,pycomp1,FuncCall,199.86666666666667, 167.55627705627708, 187.0, 180.5, 122.0,0.23567123807063006, 0.1619047619047619
Duration_of_first_fixation,pycomp1,FuncHeader,214.45185185185184, 232.84126984126982, 218.92592592592592, 215.46296296296296, 99.5,0.6037237593406303, -0.05238095238095238
Duration_of_first_fixation,pycomp1,FuncReturn,244.33333333333334, 174.85714285714286, 202.0, 177.0, 144.0,0.046431522028226965, 0.37142857142857144
Duration_of_first_fixation,pycomp1,InputList,201.0, 244.28571428571428, 185.0, 193.5, 102.0,0.5607106995415676, -0.02857142857142857
Duration_of_first_fixation,pycomp1,MainHeader,204.2, 180.02678571428572, 187.0, 193.34375, 119.5,0.2705216899098053, 0.1380952380952381
Duration_of_first_fixation,pycomp1,PrintStatement,192.09166666666667, 170.09821428571428, 180.375, 171.5, 130.0,0.1424152055975908, 0.23809523809523808
Duration_of_first_fixation,pycomp1,VarDeclaration,256.26666666666665, 220.91991341991343, 158.0, 206.0, 101.5,0.5693013815702371, -0.03333333333333333
Duration_of_first_fixation,pycomp2,ForLoop,221.33333333333334, 196.07142857142858, 200.0, 195.0, 120.0,0.2634217173651098, 0.14285714285714285
Duration_of_first_fixation,pycomp2,FuncHeader,166.53333333333333, 182.42857142857142, 176.0, 176.0, 82.0,0.8541946527023447, -0.21904761904761905
Duration_of_first_fixation,pycomp2,JoinSentence,216.92903225806452, 206.4193548387097, 207.0, 204.0, 105.5,0.5, 0.004761904761904762
Duration_of_first_fixation,pycomp2,Return,195.2488888888889, 201.83809523809526, 198.0, 196.5, 105.0,0.5087189112222981, 0.0
Duration_of_first_fixation,pycomp2,SentenceSplit,209.06666666666666, 181.017316017316, 178.0, 156.5, 128.0,0.16305472601024446, 0.21904761904761905
Duration_of_first_fixation,pycomp2,VarDeclaration,261.4, 181.2792207792208, 195.0, 171.0, 129.0,0.152504621784187, 0.22857142857142856
Number_of_fixations,java1,FunctionHeader,8.733333333333333, 9.714285714285714, 8.0, 8.0, 111.5,0.3963893707084756, 0.06190476190476191
Number_of_fixations,java1,Loop,100.73333333333333, 124.42857142857143, 100.0, 81.0, 113.0,0.3716951031520906, 0.0761904761904762
Number_of_fixations,java1,ReturnValue,3.933333333333333, 3.5714285714285716, 4.0, 3.0, 114.5,0.3458236365721389, 0.09047619047619047
Number_of_fixations,java1,VarDeclaration,18.066666666666666, 21.428571428571427, 17.0, 18.0, 98.5,0.6201383726576586, -0.06190476190476191
Number_of_fixations,java1,VarUpdate,21.333333333333332, 18.214285714285715, 20.0, 14.5, 128.5,0.15743860373821522, 0.22380952380952382
Number_of_fixations,java2,BugIsHere,46.766666666666666, 29.142857142857142, 34.0, 28.5, 131.0,0.13281439352279878, 0.24761904761904763
Number_of_fixations,java2,ForLoop,72.03333333333333, 64.42857142857143, 75.0, 64.5, 119.5,0.27057153761352976, 0.1380952380952381
Number_of_fixations,java2,FunctionHeader,32.06666666666667, 29.0, 27.0, 22.0, 121.5,0.242307261039925, 0.15714285714285714
Number_of_fixations,java2,VarDeclaration,21.033333333333335, 17.142857142857142, 17.0, 16.0, 116.0,0.3231399543366752, 0.10476190476190476
Number_of_fixations,py1sem,BugIsHere,45.666666666666664, 60.142857142857146, 29.0, 58.5, 91.0,0.7367056323109695, -0.13333333333333333
Number_of_fixations,py1sem,BuggyCall,63.4, 66.92857142857143, 48.0, 63.5, 100.5,0.5864017507745107, -0.04285714285714286
Number_of_fixations,py1sem,CastingCall,61.8, 61.5, 46.0, 60.0, 94.5,0.6844986523786493, -0.1
Number_of_fixations,py1sem,CastingFunction,72.0, 50.07142857142857, 58.0, 45.0, 129.5,0.14735776044431081, 0.23333333333333334
Number_of_fixations,py1sem,MainHeader,1.2, 5.142857142857143, 0.0, 3.0, 72.5,0.9399430369970425, -0.30952380952380953
Number_of_fixations,py1sem,PrintStatement,56.666666666666664, 59.142857142857146, 51.0, 54.5, 99.5,0.6033356397479562, -0.05238095238095238
Number_of_fixations,py1sem,VarDeclaration,50.4, 71.57142857142857, 47.0, 66.0, 80.0,0.8671267239542899, -0.23809523809523808
Number_of_fixations,py1syn,BugIsHere,6.333333333333333, 7.357142857142857, 5.0, 5.0, 91.5,0.7307097477588372, -0.12857142857142856
Number_of_fixations,py1syn,FirstIfStatement,28.333333333333332, 25.285714285714285, 28.0, 25.0, 113.0,0.3715423468079051, 0.0761904761904762
Number_of_fixations,py1syn,FunctionCall,16.4, 21.928571428571427, 19.0, 17.5, 94.5,0.6845618289846273, -0.1
Number_of_fixations,py1syn,FunctionHeader,11.333333333333334, 11.714285714285714, 9.0, 7.0, 109.0,0.43918514563542144, 0.0380952380952381
Number_of_fixations,py1syn,MainHeader,1.2, 3.7142857142857144, 1.0, 1.5, 83.5,0.8406978517155259, -0.20476190476190476
Number_of_fixations,py1syn,PrintStatement,18.533333333333335, 29.642857142857142, 19.0, 27.5, 82.0,0.8477637518851009, -0.21904761904761905
Number_of_fixations,py1syn,Return,14.266666666666667, 15.5, 12.0, 7.0, 100.0,0.5950456473774756, -0.047619047619047616
Number_of_fixations,py1syn,SecondIfStatement,26.066666666666666, 21.785714285714285, 25.0, 17.0, 116.0,0.3231195965433692, 0.10476190476190476
Number_of_fixations,py1syn,ThirdIfStatement,30.333333333333332, 19.642857142857142, 22.0, 17.5, 113.0,0.37137368336374543, 0.0761904761904762
Number_of_fixations,py1syn,VarDeclaration,11.733333333333333, 14.071428571428571, 15.0, 11.0, 101.0,0.5781450039567123, -0.0380952380952381
Number_of_fixations,py2sem,BugIsHere,28.733333333333334, 33.642857142857146, 22.0, 30.5, 96.0,0.6610313030838755, -0.08571428571428572
Number_of_fixations,py2sem,BugIsHere2,23.866666666666667, 26.857142857142858, 19.0, 26.0, 99.0,0.6117538508781867, -0.05714285714285714
Number_of_fixations,py2sem,FirstPrint,62.6, 51.57142857142857, 53.0, 42.0, 127.0,0.17394655757755423, 0.20952380952380953
Number_of_fixations,py2sem,Increment,21.266666666666666, 16.285714285714285, 13.0, 11.0, 118.5,0.2850900702113439, 0.12857142857142856
Number_of_fixations,py2sem,MainHeader,5.2, 4.214285714285714, 3.0, 5.0, 108.5,0.44731158440452295, 0.03333333333333333
Number_of_fixations,py2sem,SecondPrint,32.666666666666664, 26.214285714285715, 29.0, 20.5, 128.0,0.1629653235385874, 0.21904761904761905
Number_of_fixations,py2sem,VarDeclaration,39.46666666666667, 39.214285714285715, 39.0, 32.5, 116.5,0.31550134762135074, 0.10952380952380952
Number_of_fixations,py2syn,BugIsHere,44.733333333333334, 24.785714285714285, 33.0, 23.0, 126.5,0.1795207260974444, 0.20476190476190476
Number_of_fixations,py2syn,FirstIfStatement,81.66666666666667, 29.071428571428573, 50.0, 22.5, 162.0,0.006816824561741859, 0.5428571428571428
Number_of_fixations,py2syn,ForLoop,62.46666666666667, 32.57142857142857, 43.0, 30.5, 132.5,0.11920754627355834, 0.2619047619047619
Number_of_fixations,py2syn,MainHeader,4.333333333333333, 3.642857142857143, 3.0, 2.5, 127.0,0.17114982457020672, 0.20952380952380953
Number_of_fixations,py2syn,ThirdIfStatement,24.0, 13.285714285714286, 12.0, 11.5, 118.5,0.2849710815093338, 0.12857142857142856
Number_of_fixations,py2syn,VarDeclaration,36.93333333333333, 18.5, 31.0, 16.5, 164.5,0.004980304629545639, 0.5666666666666667
Number_of_fixations,pycomp1,ForLoop,75.33333333333333, 55.642857142857146, 60.0, 46.0, 144.0,0.046411400071834516, 0.37142857142857144
Number_of_fixations,pycomp1,FuncCall,19.2, 19.285714285714285, 17.0, 17.0, 109.5,0.4306732534204161, 0.04285714285714286
Number_of_fixations,pycomp1,FuncHeader,5.333333333333333, 10.428571428571429, 2.0, 6.5, 84.0,0.8282126575740909, -0.2
Number_of_fixations,pycomp1,FuncReturn,14.0, 10.714285714285714, 13.0, 9.0, 137.0,0.08420676424308932, 0.3047619047619048
Number_of_fixations,pycomp1,InputList,27.533333333333335, 19.285714285714285, 26.0, 12.5, 135.0,0.0986031668439436, 0.2857142857142857
Number_of_fixations,pycomp1,MainHeader,9.2, 8.928571428571429, 8.0, 7.0, 117.0,0.30747600197469366, 0.11428571428571428
Number_of_fixations,pycomp1,PrintStatement,8.666666666666666, 7.714285714285714, 5.0, 7.5, 88.5,0.7724736312513779, -0.15714285714285714
Number_of_fixations,pycomp1,VarDeclaration,10.666666666666666, 9.285714285714286, 9.0, 9.0, 123.0,0.22171619785315733, 0.17142857142857143
Number_of_fixations,pycomp2,ForLoop,159.53333333333333, 86.92857142857143, 134.0, 76.0, 146.5,0.036740815490425065, 0.3952380952380952
Number_of_fixations,pycomp2,FuncHeader,6.066666666666666, 5.0, 4.0, 3.5, 112.0,0.38515758675556844, 0.06666666666666667
Number_of_fixations,pycomp2,JoinSentence,36.46666666666667, 18.0, 17.0, 13.5, 133.0,0.11485887762106417, 0.26666666666666666
Number_of_fixations,pycomp2,Return,8.6, 5.642857142857143, 5.0, 4.5, 121.5,0.24163105911306842, 0.15714285714285714
Number_of_fixations,pycomp2,SentenceSplit,23.6, 15.571428571428571, 16.0, 14.5, 124.0,0.2093145561554221, 0.18095238095238095
Number_of_fixations,pycomp2,VarDeclaration,16.2, 12.928571428571429, 15.0, 13.5, 129.0,0.1523257704425417, 0.22857142857142856
Time_to_first_fixation,java1,FunctionHeader,1241.3870967741934, 9792.472350230415, 609.0, 612.0, 107.0,0.47388889270730716, 0.01904761904761905
Time_to_first_fixation,java1,Loop,13952.833333333334, 1419.857142857143, 188.0, 26.0, 132.0,0.1188415438808959, 0.2571428571428571
Time_to_first_fixation,java1,ReturnValue,53893.70952380953, 64188.688775510214, 42308.0, 51850.21428571428, 83.5,0.832558315225609, -0.20476190476190476
Time_to_first_fixation,java1,VarDeclaration,982.2565656565656, 842.6428571428571, 696.0, 415.5, 117.0,0.307432239648932, 0.11428571428571428
Time_to_first_fixation,java1,VarUpdate,18320.666666666668, 38765.98051948052, 12019.0, 21271.363636363636, 64.0,0.9649457076721426, -0.3904761904761905
Time_to_first_fixation,java2,BugIsHere,13938.733333333334, 16824.673160173163, 13135.0, 12428.5, 104.0,0.5260982598822899, -0.009523809523809525
Time_to_first_fixation,java2,ForLoop,2100.1, 3133.6428571428573, 286.0, 249.5, 92.0,0.7262592995874269, -0.12380952380952381
Time_to_first_fixation,java2,FunctionHeader,1991.9333333333334, 892.6688311688312, 476.0, 544.0, 97.5,0.6366728158415556, -0.07142857142857142
Time_to_first_fixation,java2,VarDeclaration,3195.8, 2557.3506493506493, 3261.0, 657.0, 119.5,0.27057153761352976, 0.1380952380952381
Time_to_first_fixation,py1sem,BugIsHere,30106.060416666667, 31345.06473214286, 25176.0, 30710.953125, 96.5,0.6527813864299397, -0.08095238095238096
Time_to_first_fixation,py1sem,BuggyCall,11840.852525252525, 15634.285714285714, 7884.0, 13995.5, 79.5,0.8717856911107469, -0.24285714285714285
Time_to_first_fixation,py1sem,CastingCall,5580.280808080808, 6008.642857142857, 3945.0, 4392.0, 94.0,0.6921532152732521, -0.10476190476190476
Time_to_first_fixation,py1sem,CastingFunction,19434.445833333335, 23941.620535714286, 15459.0, 24006.34375, 90.5,0.7437065560598937, -0.1380952380952381
Time_to_first_fixation,py1sem,MainHeader,6399.933333333333, 5476.904761904762, 5409.777777777777, 5409.777777777777, 131.0,0.11533357250660214, 0.24761904761904763
Time_to_first_fixation,py1sem,PrintStatement,14829.595833333333, 17279.495535714286, 11938.0, 16742.96875, 78.5,0.8807056675745473, -0.2523809523809524
Time_to_first_fixation,py1sem,VarDeclaration,351.7010101010101, 4851.642857142857, 194.0, 241.5, 95.0,0.6791000695170688, -0.09523809523809523
Time_to_first_fixation,py1syn,BugIsHere,25587.99012345679, 27545.780423280426, 28530.962962962964, 27271.5, 103.0,0.543629677659593, -0.01904761904761905
Time_to_first_fixation,py1syn,FirstIfStatement,10941.5875, 18031.285714285714, 12564.0, 11435.5, 96.0,0.6608064438156027, -0.08571428571428572
Time_to_first_fixation,py1syn,FunctionCall,816.1354166666666, 3183.573660714286, 430.0, 685.0, 105.5,0.5, 0.004761904761904762
Time_to_first_fixation,py1syn,FunctionHeader,9178.546666666667, 15671.6, 8561.0, 12195.0, 65.5,0.95975907051694, -0.3761904761904762
Time_to_first_fixation,py1syn,MainHeader,19473.01904761905, 13235.326530612245, 16917.714285714286, 4679.0, 126.0,0.17879535375118571, 0.2
Time_to_first_fixation,py1syn,PrintStatement,3127.1208333333334, 4907.642857142857, 2454.0, 3592.0, 76.0,0.9010650664783508, -0.2761904761904762
Time_to_first_fixation,py1syn,Return,21688.460000000003, 27698.688095238093, 23773.633333333335, 25212.816666666666, 81.5,0.8528506905370947, -0.22380952380952382
Time_to_first_fixation,py1syn,SecondIfStatement,14287.480000000001, 18460.6, 15533.0, 19038.0, 66.0,0.9578498063808945, -0.37142857142857144
Time_to_first_fixation,py1syn,ThirdIfStatement,16604.841379310346, 24965.6724137931, 18621.0, 23109.0, 65.0,0.9617972987820689, -0.38095238095238093
Time_to_first_fixation,py1syn,VarDeclaration,425.03111111111116, 1215.9619047619049, 350.0, 678.6166666666667, 67.0,0.9537697168974532, -0.3619047619047619
Time_to_first_fixation,py2sem,BugIsHere,3558.0, 4523.2532467532465, 3494.0, 4191.5, 94.0,0.6921314709798715, -0.10476190476190476
Time_to_first_fixation,py2sem,BugIsHere2,8924.2, 6085.021645021646, 7892.0, 5812.5, 126.0,0.18547551726654832, 0.2
Time_to_first_fixation,py2sem,FirstPrint,9936.266666666666, 9659.785714285714, 8537.0, 8440.0, 103.0,0.5434419599638128, -0.01904761904761905
Time_to_first_fixation,py2sem,Increment,17947.866666666665, 16355.190476190477, 20515.0, 16876.833333333336, 117.0,0.3078685290201285, 0.11428571428571428
Time_to_first_fixation,py2sem,MainHeader,14966.91111111111, 5651.563492063491, 2739.0, 542.0, 124.0,0.2080996304565273, 0.18095238095238095
Time_to_first_fixation,py2sem,SecondPrint,23375.666666666668, 19243.458874458876, 20633.0, 14417.5, 125.0,0.19734173918726683, 0.19047619047619047
Time_to_first_fixation,py2sem,VarDeclaration,480.53333333333336, 1471.9502164502167, 204.0, 230.5, 105.5,0.5, 0.004761904761904762
Time_to_first_fixation,py2syn,BugIsHere,11822.8, 16603.85714285714, 9953.0, 13509.5, 86.0,0.8026291473934963, -0.18095238095238095
Time_to_first_fixation,py2syn,FirstIfStatement,5877.6, 9445.0, 5809.0, 5261.0, 107.0,0.47390174011771014, 0.01904761904761905
Time_to_first_fixation,py2syn,ForLoop,2622.2, 4841.491341991342, 1939.0, 2617.0, 82.0,0.8474655946885568, -0.21904761904761905
Time_to_first_fixation,py2syn,MainHeader,14683.280952380952, 5595.775510204082, 512.0, 1005.5, 91.5,0.7299534781640619, -0.12857142857142856
Time_to_first_fixation,py2syn,ThirdIfStatement,16272.8, 18749.285714285714, 15972.0, 15086.5, 109.0,0.4392967196275708, 0.0380952380952381
Time_to_first_fixation,py2syn,VarDeclaration,451.53333333333336, 3530.603896103896, 227.0, 324.5, 68.0,0.949230821004869, -0.3523809523809524
Time_to_first_fixation,pycomp1,ForLoop,1052.2666666666667, 1631.7792207792209, 170.0, 607.5, 75.0,0.9093730322926443, -0.2857142857142857
Time_to_first_fixation,pycomp1,FuncCall,23306.533333333333, 39811.31601731602, 18646.0, 25998.5, 72.0,0.9281375970860462, -0.3142857142857143
Time_to_first_fixation,pycomp1,FuncHeader,8564.044444444446, 7926.976190476191, 2650.0, 877.0, 123.0,0.22148979499065702, 0.17142857142857143
Time_to_first_fixation,pycomp1,FuncReturn,13800.733333333334, 35369.71428571428, 11380.0, 15003.5, 81.0,0.8575254611576726, -0.22857142857142856
Time_to_first_fixation,pycomp1,InputList,22574.6, 38676.78571428572, 22070.0, 21295.5, 84.0,0.8259643560649289, -0.2
Time_to_first_fixation,pycomp1,MainHeader,21693.866666666665, 29206.15625, 16621.0, 19704.5, 92.0,0.7221568575131712, -0.12380952380952381
Time_to_first_fixation,pycomp1,PrintStatement,41883.1375, 54204.29017857143, 28002.0, 37325.5, 78.5,0.8807056675745473, -0.2523809523809524
Time_to_first_fixation,pycomp1,VarDeclaration,1829.8, 3610.21645021645, 959.0, 2281.0151515151515, 90.0,0.7506570317267073, -0.14285714285714285
Time_to_first_fixation,pycomp2,ForLoop,5606.666666666667, 6518.857142857143, 4146.0, 4038.0, 115.0,0.33913742956420134, 0.09523809523809523
Time_to_first_fixation,pycomp2,FuncHeader,5572.89696969697, 5044.681818181818, 2767.0, 4950.090909090909, 114.0,0.3514165616666445, 0.08571428571428572
Time_to_first_fixation,pycomp2,JoinSentence,26302.681720430108, 22119.389400921656, 24575.0, 19745.5, 124.0,0.2096016462610023, 0.18095238095238095
Time_to_first_fixation,pycomp2,Return,26617.977777777774, 37411.119047619046, 27636.0, 29741.166666666664, 90.0,0.7508953879035771, -0.14285714285714285
Time_to_first_fixation,pycomp2,SentenceSplit,1909.1333333333334, 1285.987012987013, 963.0, 728.0, 103.0,0.5434419599638128, -0.01904761904761905
Time_to_first_fixation,pycomp2,VarDeclaration,4009.6, 3490.0476190476193, 1863.0, 2433.0, 103.0,0.5434632908587347, -0.01904761904761905
Total_duration_of_fixations,java1,FunctionHeader,2004.4333333333334, 2071.3571428571427, 2157.0, 1676.0, 119.0,0.27777007853886626, 0.13333333333333333
Total_duration_of_fixations,java1,Loop,21796.933333333334, 27445.35714285714, 23420.0, 16444.5, 111.0,0.405149748035148, 0.05714285714285714
Total_duration_of_fixations,java1,ReturnValue,922.4, 816.3571428571429, 893.0, 628.5, 111.5,0.3962762406593697, 0.06190476190476191
Total_duration_of_fixations,java1,VarDeclaration,4043.0, 5172.285714285715, 3275.0, 3431.5, 102.0,0.5607032803724292, -0.02857142857142857
Total_duration_of_fixations,java1,VarUpdate,4878.666666666667, 4319.857142857143, 4405.0, 2662.5, 127.0,0.1740059562349749, 0.20952380952380953
Total_duration_of_fixations,java2,BugIsHere,10649.033333333333, 6856.214285714285, 8220.0, 6168.5, 123.0,0.222504359373368, 0.17142857142857143
Total_duration_of_fixations,java2,ForLoop,16387.466666666667, 14482.42857142857, 18794.0, 13143.0, 111.0,0.405149748035148, 0.05714285714285714
Total_duration_of_fixations,java2,FunctionHeader,7301.166666666667, 6964.357142857143, 6027.0, 5554.0, 114.0,0.35532978427019607, 0.08571428571428572
Total_duration_of_fixations,java2,VarDeclaration,4595.9, 3776.5714285714284, 3442.0, 3095.0, 112.5,0.37997643566082795, 0.07142857142857142
Total_duration_of_fixations,py1sem,BugIsHere,10223.266666666666, 12747.92857142857, 7670.0, 12743.5, 95.5,0.6687592061437966, -0.09047619047619047
Total_duration_of_fixations,py1sem,BuggyCall,14420.266666666666, 14514.714285714286, 10004.0, 12173.0, 106.0,0.4912950565984927, 0.009523809523809525
Total_duration_of_fixations,py1sem,CastingCall,13401.866666666667, 12787.0, 9004.0, 11325.0, 100.0,0.594850251964852, -0.047619047619047616
Total_duration_of_fixations,py1sem,CastingFunction,15749.0, 11317.92857142857, 10688.0, 9873.5, 125.5,0.1913372409949352, 0.19523809523809524
Total_duration_of_fixations,py1sem,MainHeader,256.73333333333335, 1456.2857142857142, 0.0, 670.0, 70.0,0.9524113582994272, -0.3333333333333333
Total_duration_of_fixations,py1sem,PrintStatement,12368.8, 12680.5, 12269.0, 11516.5, 99.5,0.6032983105282407, -0.05238095238095238
Total_duration_of_fixations,py1sem,VarDeclaration,11066.6, 16494.85714285714, 10347.0, 15558.5, 75.0,0.9084267373357343, -0.2857142857142857
Total_duration_of_fixations,py1syn,BugIsHere,1636.2, 2185.785714285714, 783.0, 1184.0, 88.0,0.778510205009343, -0.1619047619047619
Total_duration_of_fixations,py1syn,FirstIfStatement,6171.8, 6022.0, 6600.0, 5411.0, 105.0,0.5087060154667324, 0.0
Total_duration_of_fixations,py1syn,FunctionCall,3390.6666666666665, 4892.5, 3518.0, 4343.5, 83.5,0.8315420849823698, -0.20476190476190476
Total_duration_of_fixations,py1syn,FunctionHeader,2646.266666666667, 2625.0714285714284, 1812.0, 1391.0, 106.5,0.4825706450550639, 0.014285714285714285
Total_duration_of_fixations,py1syn,MainHeader,240.33333333333334, 943.0714285714286, 165.0, 305.0, 82.0,0.8541946527023447, -0.21904761904761905
Total_duration_of_fixations,py1syn,PrintStatement,3860.4666666666667, 6289.0, 4363.0, 5391.5, 86.0,0.8026582608127332, -0.18095238095238095
Total_duration_of_fixations,py1syn,Return,2881.3333333333335, 3307.6428571428573, 2382.0, 1341.5, 98.5,0.6201527468653079, -0.06190476190476191
Total_duration_of_fixations,py1syn,SecondIfStatement,5501.866666666667, 4894.714285714285, 5055.0, 4001.0, 111.5,0.3965895802695917, 0.06190476190476191
Total_duration_of_fixations,py1syn,ThirdIfStatement,6204.533333333334, 4177.571428571428, 3325.0, 4015.0, 107.0,0.4738373126775334, 0.01904761904761905
Total_duration_of_fixations,py1syn,VarDeclaration,2616.9333333333334, 3073.9285714285716, 2812.0, 3072.5, 92.0,0.722376264597492, -0.12380952380952381
Total_duration_of_fixations,py2sem,BugIsHere,6462.6, 7480.928571428572, 5180.0, 6212.0, 97.0,0.6446702157298039, -0.0761904761904762
Total_duration_of_fixations,py2sem,BugIsHere2,5218.8, 6028.285714285715, 4065.0, 5154.5, 98.0,0.6282896511523738, -0.06666666666666667
Total_duration_of_fixations,py2sem,FirstPrint,13548.733333333334, 10987.714285714286, 11182.0, 8742.0, 133.0,0.11503114901319833, 0.26666666666666666
Total_duration_of_fixations,py2sem,Increment,5634.4, 4344.0, 3508.0, 2457.5, 117.0,0.3078685290201285, 0.11428571428571428
Total_duration_of_fixations,py2sem,MainHeader,1049.5333333333333, 1023.3571428571429, 465.0, 1096.0, 102.0,0.5611229906966574, -0.02857142857142857
Total_duration_of_fixations,py2sem,SecondPrint,6594.466666666666, 5590.928571428572, 5738.0, 4181.0, 131.0,0.1328732760457101, 0.24761904761904763
Total_duration_of_fixations,py2sem,VarDeclaration,9821.466666666667, 8822.07142857143, 8935.0, 8171.0, 118.0,0.2926894642304807, 0.12380952380952381
Total_duration_of_fixations,py2syn,BugIsHere,9501.733333333334, 5932.357142857143, 6390.0, 5417.5, 122.0,0.23572585341946345, 0.1619047619047619
Total_duration_of_fixations,py2syn,FirstIfStatement,18278.066666666666, 6798.142857142857, 9326.0, 5323.0, 153.0,0.019082884729415002, 0.45714285714285713
Total_duration_of_fixations,py2syn,ForLoop,14398.8, 7780.0, 9682.0, 7187.5, 127.0,0.1740356439350711, 0.20952380952380953
Total_duration_of_fixations,py2syn,MainHeader,1034.5333333333333, 933.0, 752.0, 579.5, 124.0,0.209141902275764, 0.18095238095238095
Total_duration_of_fixations,py2syn,ThirdIfStatement,5047.466666666666, 2916.285714285714, 2530.0, 2595.5, 110.0,0.42215007381101577, 0.047619047619047616
Total_duration_of_fixations,py2syn,VarDeclaration,8000.333333333333, 4226.357142857143, 6865.0, 3798.5, 158.0,0.010973385501623417, 0.5047619047619047
Total_duration_of_fixations,pycomp1,ForLoop,18707.8, 14982.142857142857, 14682.0, 10786.0, 143.0,0.050853465015546634, 0.3619047619047619
Total_duration_of_fixations,pycomp1,FuncCall,4071.4666666666667, 3977.714285714286, 3788.0, 3158.5, 113.0,0.3717103488476262, 0.0761904761904762
Total_duration_of_fixations,pycomp1,FuncHeader,1193.6, 2808.3571428571427, 443.0, 1708.0, 79.5,0.8727851717147909, -0.24285714285714285
Total_duration_of_fixations,pycomp1,FuncReturn,3011.866666666667, 2472.1428571428573, 2307.0, 1870.0, 124.0,0.20971624980333065, 0.18095238095238095
Total_duration_of_fixations,pycomp1,InputList,6069.933333333333, 4359.285714285715, 6051.0, 2615.0, 134.0,0.10677886432888456, 0.2761904761904762
Total_duration_of_fixations,pycomp1,MainHeader,2225.9333333333334, 1744.4285714285713, 1850.0, 1373.5, 123.0,0.22247632390328775, 0.17142857142857143
Total_duration_of_fixations,pycomp1,PrintStatement,1994.6666666666667, 1439.7142857142858, 1282.0, 1296.0, 99.0,0.6117002221485369, -0.05714285714285714
Total_duration_of_fixations,pycomp1,VarDeclaration,2444.5333333333333, 2181.9285714285716, 1897.0, 1958.5, 127.0,0.1740356439350711, 0.20952380952380953
Total_duration_of_fixations,pycomp2,ForLoop,35486.13333333333, 18933.571428571428, 29102.0, 14692.0, 148.0,0.0318086772210819, 0.4095238095238095
Total_duration_of_fixations,pycomp2,FuncHeader,1426.1333333333334, 1091.142857142857, 708.0, 613.0, 115.0,0.3349353223907431, 0.09523809523809523
Total_duration_of_fixations,pycomp2,JoinSentence,8124.4, 4184.642857142857, 5948.0, 2462.5, 135.0,0.0988520535231987, 0.2857142857142857
Total_duration_of_fixations,pycomp2,Return,1919.9333333333334, 1107.9285714285713, 1247.0, 830.0, 128.0,0.1627265877553098, 0.21904761904761905
Total_duration_of_fixations,pycomp2,SentenceSplit,5498.666666666667, 3299.214285714286, 3233.0, 2875.0, 130.0,0.14247453884232747, 0.23809523809523808
Total_duration_of_fixations,pycomp2,VarDeclaration,3816.6, 2954.8571428571427, 3207.0, 2561.5, 128.0,0.16305472601024446, 0.21904761904761905
